{
    "$schema": "https://schema.management.azure.com/schemas/2015-01-01/deploymentTemplate.json#",
    "contentVersion": "1.0.0.0",
    "apiProfile": "2017-03-09-profile",
    "parameters": {
    },
    "variables": {
    },
    "resources": [
        {
            "name": "as",
            "type": "Microsoft.Compute/availabilitySets",
            "location": "[resourceGroup().location]",
            "properties": {
            }
        },
        {
            "type": "Microsoft.Storage/storageAccounts",
            "name": "[uniquestring(resourcegroup().id)]",
            "location": "[resourceGroup().location]",
            "sku": {
                "name": "Standard_LRS"
            },
            "kind": "Storage",
            "properties": {
            }
        }
    ]
}